epoch,step,test_acc,test_loss,train_acc,train_loss
0,49,,,0.1103515625,2.301076650619507
0,99,,,0.1416015625,2.287651777267456
0,149,,,0.15771484375,2.246150493621826
0,199,,,0.17919921875,2.1766772270202637
0,249,,,0.1884765625,2.1427245140075684
0,299,,,0.20068359375,2.104262590408325
0,339,0.19643749296665192,2.0903565883636475,,
0,339,0.19901250302791595,2.0868079662323,,
