epoch,step,test_acc,test_loss
0,1,0.0998879224061966,2.3821353912353516
