epoch,step,test_acc,test_loss,train_acc,train_loss
0,49,,,0.1002604141831398,2.3232321739196777
0,99,,,0.10369317978620529,2.306908130645752
0,135,0.10050000250339508,2.3051087856292725,,
0,135,0.10091666132211685,2.304561138153076,,
